,gender,attr2_1,sinc2_1,intel2_1,fun2_1,amb2_1
0,0,35.600631970260224,11.284535315985133,12.47843866171004,19.05163568773234,9.114386617100372
1,1,24.884525547445257,15.108467153284677,16.3542700729927,18.044416058394162,14.357481751824821
