,gender,attr4_1,sinc4_1,intel4_1,fun4_1,amb4_1
0,0,24.711378353376503,11.369102682701202,13.109158186864015,14.92876965772433,11.872032069071848
1,1,28.075785582255083,10.774183610597659,12.163894023413432,16.204251386321626,7.690080098582871
