,gender,attr1_1,sinc1_1,intel1_1,fun1_1,amb1_1
0,0,18.020371747211897,18.222230483271375,20.971003717472115,17.299107806691453,12.818475836431226
1,1,27.008864468864477,16.389706959706963,19.41956043956044,17.592051282051287,8.823956043956043
