,gender,attr3_1,sinc3_1,intel3_1,fun3_1,amb3_1
0,0,7.21909157153267,8.458343453971338,8.320621811999029,7.893611853291231,7.632499392761719
1,1,6.951636188642926,8.13306063522618,8.486525505293551,7.517083734359962,7.524783445620789
