,gender,attr4_1,sinc4_1,intel4_1,fun4_1,amb4_1
0,0.5,26.39358196781579,11.07164314664943,12.636526105138724,15.566510522022977,9.781056083827359
