,gender,attr1_1,sinc1_1,intel1_1,fun1_1,amb1_1
0,0.5,22.514618108038185,17.30596872148917,20.19528207851628,17.44557954437137,10.821215940193635
