,gender,attr2_1,sinc2_1,intel2_1,fun2_1,amb2_1
0,0.5,30.24257875885274,13.196501234634905,14.41635436735137,18.548025873063253,11.735934184462597
