,gender,attr3_1,sinc3_1,intel3_1,fun3_1,amb3_1
0,0.5,7.085363880087797,8.295702044598759,8.403573658646291,7.705347793825597,7.578641419191254
